gender,avg_spend
Female,60.249198717948715
Male,59.536199095022624
